<?xml version="1.0" encoding="UTF-8"?><!--Generated by IBM TransformationAdvisor 
Thu Jan 30 09:30:02 GMT 2020--><server>
<!--These elements have been identified from this application's configuration.-->
<featureManager>
<feature>beanValidation-1.1</feature>
<feature>cdi-1.2</feature>
<feature>concurrent-1.0</feature>
<feature>ejbLite-3.2</feature>
<feature>jdbc-4.1</feature>
<feature>jndi-1.0</feature>
<feature>jpa-2.1</feature>
<feature>jsf-2.2</feature>
<feature>jsonp-1.0</feature>
<feature>jsp-2.3</feature>
<feature>servlet-3.1</feature>
<feature>websocket-1.1</feature>
<feature>ejbPersistentTimer-3.2</feature>
<feature>ejbRemote-3.2</feature>
<feature>jms-2.0</feature>
<feature>mdb-3.2</feature>
</featureManager>
<httpEndpoint host="*" httpPort="9080" httpsPort="9443" id="defaultHttpEndpoint"/>
<jmsQueue id="TradeBrokerQueue" jndiName="jms/TradeBrokerQueue">
        <properties.wasJms deliveryMode="NonPersistent" queueName="TradeBrokerQueue"/>
    </jmsQueue>
<jmsQueue id="BrokerQueue" jndiName="jms/BrokerQueue">
        <properties.wasJms deliveryMode="NonPersistent" queueName="BrokerQueue"/>
    </jmsQueue>
<jmsTopic id="TradeStreamerTopic" jndiName="jms/TradeStreamerTopic">
        <properties.wasJms deliveryMode="NonPersistent" topicName="TradeStreamerTopic" topicSpace="TradeTopicSpace"/>
    </jmsTopic>
<jmsTopic id="StreamerTopic" jndiName="jms/StreamerTopic">
        <properties.wasJms deliveryMode="NonPersistent" topicName="StreamerTopic" topicSpace="TradeTopicSpace"/>
    </jmsTopic>
<jmsQueueConnectionFactory id="TradeBrokerQCF" jndiName="jms/TradeBrokerQCF">
        <properties.wasJms targetTransportChain=""/>
    </jmsQueueConnectionFactory>
<jmsTopicConnectionFactory id="TradeStreamerTCF" jndiName="jms/TradeStreamerTCF">
        <properties.wasJms clientID="" durableSubscriptionHome="server7Node01.server1-DayTraderBus" targetTransportChain=""/>
    </jmsTopicConnectionFactory>
<jdbcDriver id="DerbyEmbedded" javax.sql.DataSource="org.apache.derby.jdbc.EmbeddedXADataSource">
        <library>
<!-- <file name="${DERBY_JDBC_DRIVER_PATH}/derby.jar"/> -->
            <file name="${shared.config.dir}/lib/global/derby.jar"/>
        </library>
    </jdbcDriver>
<!-- <variable name="DERBY_JDBC_DRIVER_PATH" value="${WAS_INSTALL_ROOT}/derby/lib"/> -->
<dataSource id="DefaultDataSource" jdbcDriverRef="DerbyEmbedded" jndiName="jdbc/TradeDataSource">
        <properties.derby.embedded dataSourceName="DefaultDataSource" databaseName="${APP_INSTALL_ROOT}/${CELL}/DayTrader.ear/tradedb" name="DefaultDataSource" preTestSQLString=""/>
        <connectionManager agedTimeout="0" connectionTimeout="1800" maxIdleTime="1800" maxPoolSize="1000" minPoolSize="1" reapTime="180"/>
    </dataSource>
<variable name="DERBY_JDBC_DRIVER_PATH" value="${shared.config.dir}/lib/global"/>
<applicationManager autoExpand="true"/>
<!--These elements are from the profile level configuration. Not all of them may be necessary for your application.-->
<!--<messagingEngine>
        <queue id="TradeBrokerQueue"/>
        <queue id="BrokerQueue"/>
        <topicSpace id="TradeStreamerTopic"/>
        <topicSpace id="StreamerTopic"/>
    </messagingEngine>--><!--<jmsActivationSpec id="TradeBrokerMDBSpec">
        <properties.wasJms destinationType="javax.jms.Queue"/>
    </jmsActivationSpec>--><!--<jmsActivationSpec id="TradeStreamerMDBSpec">
        <properties.wasJms destinationType="javax.jms.Topic"/>
    </jmsActivationSpec>--><!--<jmsConnectionFactory id="ConMgr3" jndiName="ConMgr3">
        <properties.wasJms clientID="" durableSubscriptionHome="server7Node01.server1-DayTraderBus" targetTransportChain=""/>
    </jmsConnectionFactory>--><!--<jmsConnectionFactory id="ConMgr4" jndiName="ConMgr4">
        <properties.wasJms clientID="" durableSubscriptionHome="server7Node01.server1-DayTraderBus" targetTransportChain=""/>
    </jmsConnectionFactory>--><!--<dataSource id="WSBA Sample Derby datasource" jdbcDriverRef="WSBA_Sample_Derby_JDBC_Provider" jndiName="jdbc/WSBASampleDS">
        <properties.derby.embedded dataSourceName="WSBA Sample Derby datasource" databaseName="${APP_INSTALL_ROOT}/${WAS_CELL_NAME}/WSBASample.ear/database" name="WSBA Sample Derby datasource" preTestSQLString=""/>
        <connectionManager agedTimeout="0" connectionTimeout="1800" maxIdleTime="1800" maxPoolSize="10" minPoolSize="1" reapTime="180"/>
    </dataSource>--><!--<jdbcDriver id="WSBA_Sample_Derby_JDBC_Provider" javax.sql.DataSource="org.apache.derby.jdbc.EmbeddedXADataSource">
        <library>
            <file name="${DERBY_JDBC_DRIVER_PATH}/derby.jar"/>
        </library>
    </jdbcDriver>--><!--<authData id="TradeDataSourceAuthData" password="???" user="db_username"/>--><!--<authData id="TradeAdminAuthData" password="???" user="db_username"/>--><application id="DayTrader" location="daytrader-1.0.0.war" name="DayTrader" type="war"/>
</server>